Termo;Score
Dados;100
Ciência;100
Ciência de dados;100
curso;12
Emprego;9
Mestrado;9
Computador;8
Ciência da computação;8
Python;8
Aprendizagem;7
Inteligência analítica;6
Análise de dados;6
Aprendizado de máquina;5
Máquina;5
Master of Science;4
Salário;4
Estatística;4
Projeto;4
Análise;3
Big data;3
Bacharelato;3
Engenharia;3
Pesquisa;3
Estágio profissional;3
Inteligência artificial;3
;
Python;Aumento repentino
Aprendizado de máquina;Aumento repentino
Máquina;Aumento repentino
Big data;Aumento repentino
Coursera;Aumento repentino
R;Aumento repentino
Certificação;Aumento repentino
Engenheiro;Aumento repentino
Universidade da Califórnia;Aumento repentino
certificação profissional;Aumento repentino
Programador;Aumento repentino
Bangalore;Aumento repentino
Master in Data Science;Aumento repentino
Bacharelato;Aumento repentino
business analytics;Aumento repentino
Master of Business Administration;Aumento repentino
Udemy;Aumento repentino
GitHub;Aumento repentino
Universidade Harvard;Aumento repentino
Quora;Aumento repentino
R Para Data Science;Aumento repentino
profissional;Aumento repentino
Inteligência empresarial;Aumento repentino
Instituto de Tecnologia de Massachusetts;Aumento repentino
edX;Aumento repentino
